,Symbol,Year,Return,TRI,TB90,MKTCAP,PB
0,TCM,2007,394.1667,34542.6016,3.9,2009.5763,4.8272
1,BB,2007,196.5454,34542.6016,3.9,50392.207,17.3708
2,QUX,2007,52.4324,34542.6016,3.9,914.2384,2.0376
3,TRE,2007,300.0,34542.6016,3.9,2908.6021,2.6323
4,VT,2007,46.1039,34542.6016,3.9,2296.7551,2.1184
5,LNR,2007,89.3727,34542.6016,3.9,1791.8121,2.0731
6,MDI,2007,102.1609,34542.6016,3.9,1035.5814,4.6532
7,ET,2007,112.48,34542.6016,3.9,1918.1101,17.0584
8,SW,2007,89.2187,34542.6016,3.9,662.2232,3.3381
9,NTR,2007,158.3199,34542.6016,3.9,29561.9219,6.0249
10,OIL1,2007,90.413,34542.6016,3.9,2810.2747,5.2046
11,VRS1,2007,325.7028,34542.6016,3.9,622.75,3.6446
12,AXP1,2007,31.8211,34542.6016,3.9,1124.9443,1.5986
13,SVC,2007,,34542.6016,3.9,771.8656,5.4759
14,ELR,2007,80.315,34542.6016,3.9,1528.5818,1.8666
15,AGU,2007,87.9626,34542.6016,3.9,6445.6694,4.0877
16,MG,2007,19.5411,34542.6016,3.9,10483.0146,1.2566
17,AL,2007,109.7164,34542.6016,3.9,38855.332,3.0089
18,NCX,2007,9.1915,34542.6016,3.9,3194.3237,3.4441
19,EQN,2007,120.0,34542.6016,3.9,1972.0448,3.9819
20,IOL,2007,111.3636,34542.6016,3.9,1113.1356,10.144
21,SCL,2007,85.8289,34542.6016,3.9,2491.2971,4.3214
22,SCC,2007,27.5294,34542.6016,3.9,2916.5293,3.4336
23,OTEX,2007,45.727,34542.6016,3.9,1318.462,2.3879
24,EMP.A,2007,12.1356,34542.6016,3.9,1547.3501,1.5353
25,SAP,2007,34.4371,34542.6016,3.9,5194.77,3.6509
26,ACO.X,2007,35.3991,34542.6016,3.9,3264.8979,2.1489
27,AGF.B,2007,60.0913,34542.6016,3.9,3164.165,3.0294
28,BLS1,2007,4.2755,34542.6016,3.9,6353.5815,3.3295
29,RCI.B,2007,68.3509,34542.6016,3.9,30668.1426,7.3387
30,RAL,2007,160.0719,34542.6016,3.9,835.9615,5.8652
31,MRE,2007,115.8667,34542.6016,3.9,1054.7139,1.7795
32,BBD.B,2007,84.5238,34542.6016,3.9,10858.8721,4.2122
33,TA,2007,23.1466,34542.6016,3.9,6067.2183,2.9515
34,CCL.B,2007,45.2274,34542.6016,3.9,1368.5027,2.0202
35,PJC.A,2007,28.6187,34542.6016,3.9,2247.3638,2.0454
36,SVM,2007,37.9562,34542.6016,3.9,925.2305,8.7258
37,ECA,2007,6.7069,34542.6016,3.9,46618.582,2.3927
38,GIB.A,2007,67.1429,34542.6016,3.9,3450.4937,2.0606
39,IMN,2007,83.4194,34542.6016,3.9,4117.6309,3.3158
40,AVM,2007,91.7582,34542.6016,3.9,1229.0734,2.2024
41,UTS,2007,17.8947,34542.6016,3.9,2395.428,5.3025
42,MBT,2007,4.3515,34542.6016,3.9,3192.0798,2.2374
43,NDN,2007,-7.1332,34542.6016,3.9,2996.0974,1.3894
44,CCA,2007,81.8542,34542.6016,3.9,1498.8645,1.9026
45,WTO,2007,26.8475,34542.6016,3.9,6058.8218,6.6205
46,BPO,2007,-6.6652,34542.6016,3.9,9568.5918,2.957
47,CLL,2007,-9.4293,34542.6016,3.9,726.1821,1.7371
48,SJR.B,2007,47.7108,34542.6016,3.9,10594.7002,5.4877
49,S,2007,49.2049,34542.6016,3.9,3724.979,1.399
50,CCO,2007,-5.725,34542.6016,3.9,15094.3896,4.9713
51,WJA,2007,60.5317,34542.6016,3.9,2051.7388,2.5489
52,SOY,2007,49.1285,34542.6016,3.9,862.7849,3.2814
53,FNX,2007,120.6896,34542.6016,3.9,2413.7566,3.4354
54,POW,2007,24.6921,34542.6016,3.9,16397.4785,2.0196
55,CEF.A,2007,-3.3133,34542.6016,3.9,1091.0309,1.0516
56,CM,2007,19.1336,34542.6016,3.9,32034.998,2.8957
57,FTT,2007,55.2983,34542.6016,3.9,5528.5361,3.3116
58,NB1,2007,12.6807,34542.6016,3.9,1744.1893,1.2928
59,PCA1,2007,14.1102,34542.6016,3.9,26340.9336,2.3919
60,ATA,2008,39.04,34992.8008,2.4,671.5371,1.4624
61,BIR,2008,219.25,34992.8008,2.4,1435.1438,2.9372
62,IOL,2008,-11.5591,34992.8008,2.4,1136.4976,5.7316
63,CR,2008,110.6742,34992.8008,2.4,1067.91,1.6085
64,HPX,2008,28.5444,34992.8008,2.4,922.624,1.3032
65,TOG1,2008,183.8667,34992.8008,2.4,2386.6516,2.1461
66,AGU,2008,86.1347,34992.8008,2.4,14185.3096,3.4758
67,PMCS,2008,17.8746,34992.8008,2.4,1998.7028,2.5971
68,PXE,2008,50.8172,34992.8008,2.4,1178.0902,2.9557
69,NVA,2008,13.6364,34992.8008,2.4,1186.5299,1.6271
70,NTR,2008,97.4353,34992.8008,2.4,56345.7031,8.175
71,RUS,2008,3.0191,34992.8008,2.4,1942.6224,2.1252
72,BBD.B,2008,33.0645,34992.8008,2.4,14468.5039,4.8851
73,TLM,2008,3.5872,34992.8008,2.4,19121.1309,2.1333
74,CFP,2008,-12.1359,34992.8008,2.4,1548.5165,0.8747
75,AGI,2008,18.8929,34992.8008,2.4,1182.5964,1.8471
76,TESO,2008,24.8582,34992.8008,2.4,1334.7764,3.7403
77,TXP,2008,50.1761,34992.8008,2.4,3877.1294,5.4579
78,GEA,2008,105.2811,34992.8008,2.4,1284.9156,3.4405
79,GNA,2008,21.9512,34992.8008,2.4,6491.3252,1.4825
80,BNK,2008,304.1667,34992.8008,2.4,885.1299,7.5475
81,STE,2008,92.6241,34992.8008,2.4,1180.5229,2.3871
82,CLS,2008,42.9253,34992.8008,2.4,1793.514,0.8929
83,ARE,2008,30.2488,34992.8008,2.4,851.7207,2.5575
84,CMT,2008,-6.4182,34992.8008,2.4,1177.5142,1.3477
85,CLL,2008,12.3288,34992.8008,2.4,865.2106,1.8701
86,CNQ,2008,25.5576,34992.8008,2.4,49019.0195,3.6022
87,CSU,2008,13.4179,34992.8008,2.4,498.668,6.6142
88,HSE,2008,21.1355,34992.8008,2.4,39861.0703,3.0938
89,NXY,2008,12.6989,34992.8008,2.4,17655.6055,2.6526
90,RBA,2008,24.1593,34992.8008,2.4,2963.7739,5.8979
91,AXC,2008,16.5805,34992.8008,2.4,6350.7466,2.7788
92,TYK,2008,41.0935,34992.8008,2.4,1491.0961,4.0275
93,ESI,2008,29.2432,34992.8008,2.4,3661.147,2.6623
94,VT,2008,8.8889,34992.8008,2.4,2903.8501,1.452
95,GRT.UN,2008,-32.8559,34992.8008,2.4,1050.9301,0.5525
96,TIH,2008,25.5311,34992.8008,2.4,2115.9451,3.0269
97,QEC,2008,223.2558,34992.8008,2.4,548.4495,3.9494
98,QUX,2008,0.1773,34992.8008,2.4,1117.9712,1.1933
99,EMP.A,2008,-5.9452,34992.8008,2.4,1469.3582,1.3573
100,CIGI,2008,-45.1066,34992.8008,2.4,491.5575,1.6199
101,BPO,2008,-7.5362,34992.8008,2.4,8763.8555,2.9018
102,OTEX,2008,43.7548,34992.8008,2.4,1931.4788,2.8826
103,RBI1,2008,22.3214,34992.8008,2.4,1292.4991,2.4035
104,WFT,2008,0.5128,34992.8008,2.4,1564.864,0.8253
105,BB,2008,43.4098,34992.8008,2.4,73085.6406,15.6306
106,GO2,2008,-12.1739,34992.8008,2.4,1044.1118,1.6806
107,ROC,2008,32.3268,34992.8008,2.4,2029.2607,2980.0
108,TRE,2008,11.1111,34992.8008,2.4,3276.6401,2.5778
109,DII.B,2008,8.336,34992.8008,2.4,1128.4846,1.0484
110,SNC,2008,28.0193,34992.8008,2.4,7994.6792,8.1305
111,AGI2,2008,8.8496,34992.8008,2.4,586.9191,3.5201
112,ONEX,2008,-17.4855,34992.8008,2.4,3514.1624,2.1107
113,IMG,2008,-0.4267,34992.8008,2.4,2069.459,1.0757
114,MRU,2008,-15.5695,34992.8008,2.4,3257.272,1.6298
115,SU,2008,28.5412,34992.8008,2.4,56803.0664,4.184
116,ELD,2008,61.9962,34992.8008,2.4,2917.3196,5.4628
117,PRE,2008,46.0452,34992.8008,2.4,2173.9023,1.5071
118,CEF.A,2008,17.9647,34992.8008,2.4,1596.8523,0.9204
119,SJR.B,2008,-6.6069,34992.8008,2.4,9814.6426,4.5483
120,BCB,2009,247.5247,28923.5195,0.2,570.7702,1.4354
121,CAS,2009,1.8598,28923.5195,0.2,693.5919,0.5302
122,BLS1,2009,62.1502,28923.5195,0.2,3011.356,1.2671
123,CCT,2009,176.1259,28923.5195,0.2,1103.1102,4.5714
124,GRT.UN,2009,-34.8444,28923.5195,0.2,684.7393,0.3946
125,IMX,2009,35.0394,28923.5195,0.2,628.6058,19.6938
126,FFH,2009,59.7339,28923.5195,0.2,6254.7456,1.0831
127,FNX,2009,-40.6452,28923.5195,0.2,800.975,2.2032
128,DC.A,2009,-27.2792,28923.5195,0.2,857.0057,0.8269
129,DW1,2009,-24.0,28923.5195,0.2,1352.9553,1.6162
130,ATD.B,2009,44.3077,28923.5195,0.2,3446.6606,2.2637
131,CS,2009,-6.3658,28923.5195,0.2,544.6384,1.8202
132,PRE,2009,20.3095,28923.5195,0.2,2663.8655,1.7698
133,GMP,2009,-4.3296,28923.5195,0.2,877.637,3.427
134,NGD,2009,-33.5714,28923.5195,0.2,1325.183,0.7471
135,TCM,2009,-24.3844,28923.5195,0.2,1549.7383,1.6648
136,TKO,2009,-17.9567,28923.5195,0.2,482.574,1.8428
137,RMX,2009,81.5217,28923.5195,0.2,642.3812,4.4321
138,LUN,2009,-26.7717,28923.5195,0.2,2155.4937,0.6965
139,MRE,2009,-1.6438,28923.5195,0.2,602.5887,1.1276
140,BNK,2009,-18.5567,28923.5195,0.2,885.0291,4.3226
141,LGF,2009,-32.6985,28923.5195,0.2,841.3922,5.629
142,PMCS,2009,4.1261,28923.5195,0.2,2239.1658,2.5504
143,JAG1,2009,47.8621,28923.5195,0.2,836.1,2.7933
144,LLL,2009,7.021,28923.5195,0.2,1081.9133,8.4196
145,AFN,2009,9.9317,28923.5195,0.2,416.7201,2.8114
146,GC,2009,-17.9907,28923.5195,0.2,576.6509,1.4066
147,RY,2009,15.7949,28923.5195,0.2,79720.3438,2.5883
148,TECK.B,2009,-40.4418,28923.5195,0.2,15547.7813,1.1494
149,FRG,2009,25.4098,28923.5195,0.2,545.1144,1.2239
150,,2009,22.8509,28923.5195,0.2,9868.207,1.8903
151,SEA,2009,88.8206,28923.5195,0.2,1153.0942,11.7114
152,HBM,2009,-21.4153,28923.5195,0.2,1294.6428,0.7733
153,SMF,2009,67.9389,28923.5195,0.2,551.4276,2.0477
154,HCG,2009,11.6064,28923.5195,0.2,1326.1093,2.5978
155,IMG,2009,81.7143,28923.5195,0.2,4672.209,1.8573
156,S,2009,-29.4241,28923.5195,0.2,1975.8101,0.5507
157,SVM,2009,-9.2342,28923.5195,0.2,651.1957,3.6169
158,TXP,2009,-13.3902,28923.5195,0.2,3747.8853,2.4417
159,SCL,2009,-14.2082,28923.5195,0.2,1782.3596,2.3863
160,PDN,2009,-16.8561,28923.5195,0.2,2738.0183,3.9876
161,QBR.B,2009,-12.8839,28923.5195,0.2,1587.3436,1.5496
162,TD,2009,8.9329,28923.5195,0.2,57903.9414,1.6807
163,MFL,2009,16.7857,28923.5195,0.2,580.8845,5.0906
164,CEE,2009,46.5347,28923.5195,0.2,1469.5077,3.3184
165,FGL,2009,13.4286,28923.5195,0.2,486.514,1.4838
166,TRQ,2009,1.4226,28923.5195,0.2,4583.2715,17.4539
167,FM,2009,-5.3577,28923.5195,0.2,5080.7466,2.3569
168,AGI2,2009,57.0732,28923.5195,0.2,1047.0222,3.5078
169,MAXR,2009,2.1776,28923.5195,0.2,1234.6553,2.2263
170,CTC.A,2009,5.7995,28923.5195,0.2,4664.9668,1.3063
171,KHD,2009,8.7794,28923.5195,0.2,729.7988,1.5059
172,CLS,2009,3.5595,28923.5195,0.2,1858.4418,1.3656
173,ELF,2009,-27.3504,28923.5195,0.2,1708.0751,0.7484
174,MX,2009,-27.3536,28923.5195,0.2,1804.0076,1.3345
175,RBI1,2009,65.9854,28923.5195,0.2,2617.2751,3.1174
176,GIL,2009,-9.5104,28923.5195,0.2,2727.5781,2.8906
177,IMN,2009,-25.7858,28923.5195,0.2,2662.8286,1.1852
178,SAP,2009,0.0363,28923.5195,0.2,5706.4883,2.9746
179,CCO,2009,-8.7977,28923.5195,0.2,11436.374,2.7011
180,SMF,2010,297.2727,32246.9805,0.67,2348.9092,5.1475
181,MG,2010,67.4194,32246.9805,0.67,9398.9492,1.1574
182,CG,2010,132.093,32246.9805,0.67,3520.1357,3.0357
183,ANV,2010,182.8054,32246.9805,0.67,2203.2925,4.094
184,TCW,2010,40.4339,32246.9805,0.67,2042.8405,2.2483
185,UFS,2010,65.2623,32246.9805,0.67,2702.5198,0.9625
186,CFW,2010,91.5323,32246.9805,0.67,1022.9078,2.1908
187,ELD,2010,85.3097,32246.9805,0.67,11444.5479,3.7479
188,WFT,2010,45.1372,32246.9805,0.67,1481.0438,0.9303
189,PSI,2010,12.9187,32246.9805,0.67,961.7142,3.0796
190,BHC,2010,74.3388,32246.9805,0.67,3868.2053,2.709
191,NTR,2010,61.5559,32246.9805,0.67,46565.6016,6.7125
192,CLT,2010,44.5006,32246.9805,0.67,1028.7058,2.5442
193,DDC,2010,67.1339,32246.9805,0.67,899.1815,1.151
194,LNR,2010,45.5118,32246.9805,0.67,1195.693,1.4556
195,GNA,2010,47.044,32246.9805,0.67,5070.5234,1.6607
196,DC.A,2010,9.5238,32246.9805,0.67,761.2998,0.7968
197,OSK1,2010,98.1844,32246.9805,0.67,5250.6577,3.7146
198,BIR,2010,34.0298,32246.9805,0.67,1121.2526,1.9766
199,PRE,2010,102.1704,32246.9805,0.67,6643.2441,3.4725
200,EQN,2010,74.359,32246.9805,0.67,3368.8184,4.0339
201,FFH,2010,13.6251,32246.9805,0.67,8427.0986,1.0419
202,OGC,2010,305.8824,32246.9805,0.67,787.2838,1.6303
203,UTS,2010,97.7654,32246.9805,0.67,1680.4603,1.953
204,ATD.B,2010,22.0149,32246.9805,0.67,4244.291,2.4091
205,NGD,2010,81.4516,32246.9805,0.67,2643.7542,1.4045
206,WPM,2010,111.3357,32246.9805,0.67,8271.9873,4.2177
207,RET.A,2010,24.0264,32246.9805,0.67,1242.6372,2.4158
208,ASR,2010,209.4017,32246.9805,0.67,1004.9047,9.1426
209,OTEX,2010,21.7324,32246.9805,0.67,2668.2056,2.8379
210,CCT,2010,86.4611,32246.9805,0.67,2537.4177,4.7504
211,PXX,2010,83.7349,32246.9805,0.67,832.209,1.8952
212,BIN,2010,70.839,32246.9805,0.67,2786.4309,2.5776
213,CEE,2010,93.9189,32246.9805,0.67,2950.7732,6.2108
214,WN,2010,43.0249,32246.9805,0.67,10533.7051,1.7097
215,UUU,2010,43.6735,32246.9805,0.67,2068.28,1.392
216,CR,2010,167.8571,32246.9805,0.67,1321.8545,2.1099
217,FRG,2010,72.549,32246.9805,0.67,955.5575,1.9782
218,NMC,2010,48.8848,32246.9805,0.67,1141.579,2.6129
219,T,2010,29.6024,32246.9805,0.67,14106.3965,1.7827
220,RUS,2010,16.6768,32246.9805,0.67,1140.2471,1.4719
221,LLL,2010,59.6355,32246.9805,0.67,1747.2556,9.1515
222,ABX,2010,32.2128,32246.9805,0.67,49234.6445,2.8269
223,RBI1,2010,179.9472,32246.9805,0.67,8174.0049,5.1648
224,CP,2010,19.8207,32246.9805,0.67,10594.791,2.1704
225,WTN,2010,51.5151,32246.9805,0.67,1380.7804,1.6291
226,SU,2010,-3.5234,32246.9805,0.67,50473.6602,1.4578
227,CNR,2010,22.9592,32246.9805,0.67,30296.2461,2.6097
228,TLM,2010,-4.7159,32246.9805,0.67,17096.4648,1.4739
229,AEM,2010,10.5909,32246.9805,0.67,11619.5,3.0689
230,L,2010,30.797,32246.9805,0.67,12108.9863,1.8526
231,CCL.B,2010,39.8274,32246.9805,0.67,1019.0751,1.3351
232,FTT,2010,27.7916,32246.9805,0.67,3522.9275,2.6229
233,PMG,2010,130.6617,32246.9805,0.67,2463.4963,3.6429
234,AGU,2010,41.8338,32246.9805,0.67,11686.2598,2.1864
235,TCL.A,2010,27.8947,32246.9805,0.67,982.2266,0.9013
236,PMCS,2010,-26.1749,32246.9805,0.67,1653.0656,1.6302
237,MAXR,2010,52.918,32246.9805,0.67,1910.8595,3.2151
238,CFP,2010,49.0843,32246.9805,0.67,1160.9537,0.815
239,TFII,2010,23.6573,32246.9805,0.67,921.1052,1.6481
240,BTO,2011,95.7895,35183.7109,0.89,1275.3625,4.0915
241,NEM,2011,130.5913,35183.7109,0.89,1076.1875,3.0003
242,ASR,2011,52.0718,35183.7109,0.89,3056.4971,2.3915
243,MFL,2011,61.687,35183.7109,0.89,1292.0797,4.0977
244,ATP,2011,13.5378,35183.7109,0.89,1041.9507,2.6021
245,NGD,2011,97.037,35183.7109,0.89,5983.5664,2.9059
246,NSU,2011,34.2,35183.7109,0.89,1328.1996,5.3543
247,CFW,2011,44.8421,35183.7109,0.89,1508.1718,2.6483
248,EDR,2011,202.3256,35183.7109,0.89,982.9228,5.9911
249,CVE,2011,23.3879,35183.7109,0.89,26667.3945,3.0231
250,MTL,2011,55.5876,35183.7109,0.89,1726.1863,2.5748
251,TET,2011,144.6154,35183.7109,0.89,2301.0532,5.9169
252,FR,2011,376.5182,35183.7109,0.89,2458.5271,8.6032
253,PD,2011,104.491,35183.7109,0.89,3769.8757,1.8833
254,LLL,2011,205.5936,35183.7109,0.89,5788.4233,17.8723
255,CCA,2011,29.1178,35183.7109,0.89,1529.6586,2.2724
256,DAY,2011,-13.2821,35183.7109,0.89,1681.3239,1.4242
257,KL,2011,130.5652,35183.7109,0.89,1395.4139,7.5597
258,POU,2011,67.4055,35183.7109,0.89,2627.1968,3.2823
259,PPL,2011,30.051,35183.7109,0.89,4271.4946,4.3712
260,AGI,2011,50.5236,35183.7109,0.89,1991.5608,1.9886
261,TCW,2011,58.8483,35183.7109,0.89,3294.7092,2.9297
262,KEY,2011,55.9374,35183.7109,0.89,3258.8843,4.8123
263,PRQ1,2011,8.0068,35183.7109,0.89,2931.1025,1.6153
264,CPG,2011,18.3755,35183.7109,0.89,12194.0713,2.2783
265,DGC,2011,15.3532,35183.7109,0.89,3619.3643,3.247
266,YRI,2011,43.5185,35183.7109,0.89,11556.2295,1.638
267,RGL,2011,42.5756,35183.7109,0.89,4063.9917,2.8698
268,AGU,2011,13.1044,35183.7109,0.89,13244.4873,2.2498
269,TA,2011,4.212,35183.7109,0.89,4907.5469,1.8048
270,BHC,2011,79.9918,35183.7109,0.89,13084.9131,2.9293
271,K,2011,-5.5463,35183.7109,0.89,19354.252,1.3367
272,TOU,2011,,35183.7109,0.89,5161.8496,2.6121
273,PVE,2011,26.7964,35183.7109,0.89,2293.0815,4.286
274,BTE,2011,44.206,35183.7109,0.89,5863.2139,5.2899
275,WJA,2011,22.1834,35183.7109,0.89,1937.4708,1.4797
276,PJC.A,2011,38.8571,35183.7109,0.89,1349.4288,4.631
277,IFC,2011,24.155,35183.7109,0.89,6029.5215,2.0495
278,FCR,2011,13.7228,35183.7109,0.89,2857.4529,1.3851
279,PXX,2011,65.9016,35183.7109,0.89,1440.6816,2.8194
280,TDG,2011,62.2,35183.7109,0.89,980.1705,1.2595
281,NTR,2011,7.8854,35183.7109,0.89,48321.3516,6.4258
282,PRE,2011,-4.2147,35183.7109,0.89,6538.9653,2.8225
283,FTT,2011,21.4078,35183.7109,0.89,4290.9956,3.3825
284,WPM,2011,61.3722,35183.7109,0.89,13711.4023,5.8089
285,FNV,2011,32.6312,35183.7109,0.89,5347.8311,2.2418
286,PEY,2011,56.7069,35183.7109,0.89,2937.9934,3.4842
287,BIR,2011,50.6682,35183.7109,0.89,1713.8207,2.7056
288,PMG,2011,23.4747,35183.7109,0.89,3162.312,3.5117
289,SJR.B,2011,2.4234,35183.7109,0.89,9771.3389,3.488
290,DOL,2011,29.4466,35183.7109,0.89,2413.9141,3.2602
291,PAAS,2011,21.3504,35183.7109,0.89,3471.4258,2.3327
292,CG,2011,37.7422,35183.7109,0.89,4868.4585,3.6789
293,MFC,2011,12.8054,35183.7109,0.89,23938.9277,1.0422
294,CR,2011,-27.2727,35183.7109,0.89,1435.1365,1.1014
295,DC.A,2011,98.9352,35183.7109,0.89,1383.8992,0.7337
296,ESI,2011,49.0925,35183.7109,0.89,2642.876,1.6565
297,CU,2011,25.7862,35183.7109,0.89,7649.6221,2.4969
298,FFH,2011,-6.6187,35183.7109,0.89,7844.9648,1.142
299,SLF,2011,5.9904,35183.7109,0.89,15404.4619,1.0891
300,PKI,2012,57.481,33696.3086,1.03,1108.0519,3.5858
301,ATD.B,2012,74.8866,33696.3086,1.03,9393.3271,3.7914
302,WFT,2012,30.7692,33696.3086,1.03,2227.875,1.6503
303,CFP,2012,20.8333,33696.3086,1.03,1862.9188,1.7069
304,SPB,2012,-13.6319,33696.3086,1.03,994.2782,2.8204
305,GEI,2012,25.9884,33696.3086,1.03,2174.552,2.4458
306,INE,2012,12.9132,33696.3086,1.03,1020.0204,2.1366
307,VT,2012,54.8944,33696.3086,1.03,5999.6943,1.5367
308,AGU,2012,15.5156,33696.3086,1.03,15331.0342,2.0505
309,WJA,2012,21.5154,33696.3086,1.03,2231.1038,1.6288
310,DOL,2012,81.0687,33696.3086,1.03,4378.7061,4.7668
311,AIM,2012,20.8333,33696.3086,1.03,2496.4736,2.1856
312,FCR,2012,14.994,33696.3086,1.03,3635.7283,1.2876
313,DH,2012,8.3882,33696.3086,1.03,1171.0443,1.6953
314,GIB.A,2012,29.7379,33696.3086,1.03,7003.1147,1.9784
315,WPRT,2012,45.3406,33696.3086,1.03,1912.7157,4.8212
316,RON,2012,29.4058,33696.3086,1.03,1559.8564,0.9195
317,DII.B,2012,38.7124,33696.3086,1.03,1026.1852,0.8106
318,PSN,2012,119.8212,33696.3086,1.03,1196.1779,11.32
319,MAXR,2012,21.3831,33696.3086,1.03,1883.2592,7.5231
320,LNR,2012,31.9054,33696.3086,1.03,1334.9033,1.3502
321,AOI,2012,566.6666,33696.3086,1.03,1946.9736,7.754
322,KEY,2012,-1.811,33696.3086,1.03,3469.9546,4.0925
323,MRU,2012,22.8492,33696.3086,1.03,5576.6431,2.3048
324,BPO,2012,0.3639,33696.3086,1.03,8342.1895,0.8704
325,TXP,2012,4.2123,33696.3086,1.03,1232.0446,0.5618
326,CSU,2012,40.2238,33696.3086,1.03,2124.6599,8.403
327,GIL,2012,13.0435,33696.3086,1.03,3635.1343,2.6697
328,ACM.A,2012,37.8457,33696.3086,1.03,2646.5808,1.6622
329,AR,2012,45.3674,33696.3086,1.03,842.2341,2.4222
330,CTC.A,2012,29.1357,33696.3086,1.03,5804.4634,1.2747
331,CPG,2012,-7.784,33696.3086,1.03,14247.752,1.7864
332,ERF,2012,-45.797,33696.3086,1.03,3070.0901,0.8952
333,TFII,2012,40.4025,33696.3086,1.03,1735.3993,2.4109
334,STN,2012,29.4624,33696.3086,1.03,1443.4535,2.1375
335,CNR,2012,25.2256,33696.3086,1.03,39246.5234,3.513
336,CP,2012,44.8791,33696.3086,1.03,14009.6885,2.8266
337,CCT,2012,60.3148,33696.3086,1.03,8761.9775,1.9747
338,MG,2012,14.3856,33696.3086,1.03,9933.4092,1.1297
339,RY,2012,10.0758,33696.3086,1.03,79682.0469,2.0779
340,WTE,2012,8.913,33696.3086,1.03,1859.9624,4.283
341,SCL,2012,38.0763,33696.3086,1.03,2439.0642,2.7987
342,ACO.X,2012,19.375,33696.3086,1.03,4398.5776,1.9326
343,NPI,2012,17.2698,33696.3086,1.03,1570.5115,4.5603
344,CLT,2012,-28.7683,33696.3086,1.03,1746.8854,2.5208
345,LB,2012,9.6603,33696.3086,1.03,1334.1754,1.1022
346,TOU,2012,-18.8824,33696.3086,1.03,4536.4077,1.9008
347,ECA,2012,-12.2638,33696.3086,1.03,16047.2393,2.3058
348,MTL,2012,7.1362,33696.3086,1.03,1875.298,2.5701
349,AEM,2012,-29.6646,33696.3086,1.03,8162.563,2.472
350,HCG,2012,3.8908,33696.3086,1.03,1769.8325,2.0541
351,CGX,2012,14.6435,33696.3086,1.03,1844.2472,2.7531
352,BHC,2012,14.9658,33696.3086,1.03,15335.0068,4.0479
353,RCI.B,2012,4.6304,33696.3086,1.03,20491.293,5.863
354,GRT.UN,2012,30.6257,33696.3086,1.03,1671.417,1.9309
355,T,2012,14.987,33696.3086,1.03,20218.3711,2.5932
356,HSE,2012,6.9319,33696.3086,1.03,25600.6992,1.4081
357,EMA,2012,8.649,33696.3086,1.03,4265.6528,2.8325
358,EMP.A,2012,-0.0175,33696.3086,1.03,1926.2626,1.1495
359,SES,2012,12.9743,33696.3086,1.03,959.6809,2.1015
360,ELF,2013,56.6265,37075.1406,0.99,2612.6101,0.815
361,CFP,2013,59.3103,37075.1406,0.99,2951.9495,2.2591
362,CSU,2013,72.302,37075.1406,0.99,3660.8315,14.4141
363,MX,2013,66.6099,37075.1406,0.99,4668.1953,3.1918
364,EFN,2013,112.8472,37075.1406,0.99,1904.7823,2.1621
365,BHC,2013,105.2704,37075.1406,0.99,34442.3164,5.7457
366,MG,2013,90.315,37075.1406,0.99,18468.2871,1.8772
367,LNR,2013,58.9918,37075.1406,0.99,2123.2029,1.7731
368,GIB.A,2013,35.7809,37075.1406,0.99,9663.2695,2.7489
369,VET,2013,26.0076,37075.1406,0.99,5747.0708,3.8398
370,MEG,2013,-12.1844,37075.1406,0.99,7563.2314,1.5848
371,CLS,2013,45.6437,37075.1406,0.99,1851.5952,1.4426
372,CIGI,2013,37.5327,37075.1406,0.99,1174.7562,6.7792
373,MTL,2013,9.2128,37075.1406,0.99,2280.0017,2.6616
374,TOU,2013,47.5707,37075.1406,0.99,7507.8721,2.442
375,ALA,2013,15.8285,37075.1406,0.99,4259.311,2.1114
376,BTE,2013,-7.2383,37075.1406,0.99,5168.2988,4.2511
377,MIC,2013,44.1372,37075.1406,0.99,2723.0508,0.9095
378,OBE,2013,-15.0215,37075.1406,0.99,5794.3633,0.6747
379,CCL.B,2013,99.2812,37075.1406,0.99,2477.7573,2.5669
380,EMP.A,2013,41.7803,37075.1406,0.99,2731.0618,1.4246
381,MRE,2013,49.3064,37075.1406,0.99,995.1982,1.835
382,PPL,2013,22.3054,37075.1406,0.99,10139.2842,2.1999
383,PLB,2013,42.9422,37075.1406,0.99,1238.8135,3.0433
384,SC1,2013,40.7018,37075.1406,0.99,11791.2705,2.7524
385,CFW,2013,36.5489,37075.1406,0.99,1511.2048,1.9185
386,GTE,2013,64.3836,37075.1406,0.99,2005.488,1.3254
387,ARX,2013,8.1939,37075.1406,0.99,7867.0127,2.3429
388,TET,2013,27.037,37075.1406,0.99,2527.364,6.5204
389,LEG,2013,-5.255,37075.1406,0.99,963.7101,0.626
390,NVA,2013,69.4064,37075.1406,0.99,880.918,1.3606
391,GIL,2013,54.7826,37075.1406,0.99,5636.501,3.3115
392,DH,2013,31.4618,37075.1406,0.99,2098.3911,1.8925
393,ATA,2013,43.552,37075.1406,0.99,1117.2327,2.6023
394,CCA,2013,31.8789,37075.1406,0.99,1605.5375,1.8116
395,QBR.B,2013,27.8754,37075.1406,0.99,2795.1318,3.3051
396,TCL.A,2013,39.5515,37075.1406,0.99,1066.4606,1.4728
397,IAG,2013,64.5303,37075.1406,0.99,4056.2588,1.4362
398,MAXR,2013,37.5317,37075.1406,0.99,2931.0322,4.9054
399,SJ,2013,73.4533,37075.1406,0.99,1704.2516,3.2523
400,BPO,2013,1.8127,37075.1406,0.99,8515.3604,0.7772
401,CCT,2013,34.8294,37075.1406,0.99,11890.0459,2.3798
402,SLF,2013,39.548,37075.1406,0.99,19457.5801,1.3057
403,CGX,2013,31.4958,37075.1406,0.99,2458.5081,3.3781
404,STN,2013,53.1537,37075.1406,0.99,2236.1626,2.7673
405,CPX,2013,-5.3596,37075.1406,0.99,1465.8539,0.7819
406,WFT,2013,50.027,37075.1406,0.99,3359.7273,2.1404
407,CNQ,2013,7.1691,37075.1406,0.99,34951.2656,1.423
408,CPG,2013,-6.2698,37075.1406,0.99,14916.8867,1.7568
409,WTE,2013,17.1657,37075.1406,0.99,2179.2375,4.7773
410,MFC,2013,56.4312,37075.1406,0.99,31744.3906,1.3719
411,CTC.A,2013,25.0035,37075.1406,0.99,7174.0786,1.4596
412,ATD.B,2013,21.1408,37075.1406,0.99,11400.2725,3.3053
413,PSI,2013,44.0188,37075.1406,0.99,1759.731,5.0013
414,ERF,2013,12.1622,37075.1406,0.99,3485.9094,1.1281
415,PEY,2013,40.7244,37075.1406,0.99,4274.3574,3.5521
416,BBD.B,2013,36.8571,37075.1406,0.99,8420.1455,5.4345
417,OTEX,2013,36.6296,37075.1406,0.99,4275.0171,3.0802
418,BIN,2013,30.4192,37075.1406,0.99,2937.905,2.1962
419,ENF,2013,3.7467,37075.1406,0.99,1313.9807,5.4172
420,TSGI,2014,368.254,47133.3984,0.94,2781.145,6.5438
421,PXT,2014,142.7336,47133.3984,0.94,1759.8826,2.4022
422,SES,2014,100.0746,47133.3984,0.94,3178.6711,4.52
423,SMF,2014,119.0045,47133.3984,0.94,1339.4841,2.5841
424,KEY,2014,65.9899,47133.3984,0.94,8035.9761,6.4503
425,POU,2014,80.2152,47133.3984,0.94,6310.6846,4.9449
426,BAM.A,2014,42.6023,47133.3984,0.94,32588.4219,1.6227
427,MDZ.A,2014,51.6529,47133.3984,0.94,1181.715,2188.0735
428,WCP,2014,65.8559,47133.3984,0.94,4521.8955,2.0411
429,CF,2014,92.3445,47133.3984,0.94,1217.849,1.3478
430,BB,2014,3.8534,47133.3984,0.94,5828.0044,1.4375
431,RRX,2014,104.0816,47133.3984,0.94,1980.5643,4.5266
432,FFH,2014,15.7682,47133.3984,0.94,10453.875,1.195
433,THO,2014,48.0851,47133.3984,0.94,4106.7148,4.5393
434,SGY,2014,46.3744,47133.3984,0.94,1889.479,1.606
435,IBR,2014,75.0,47133.3984,0.94,1068.3102,3.1132
436,PSI,2014,61.6892,47133.3984,0.94,2864.7859,7.1934
437,EFX,2014,48.4784,47133.3984,0.94,1647.744,1.7395
438,BNK,2014,85.9155,47133.3984,0.94,1720.5908,2.5391
439,PRE,2014,13.5474,47133.3984,0.94,7121.2148,1.54
440,KEL,2014,72.0403,47133.3984,0.94,1731.0922,3.0708
441,PONY,2014,86.7779,47133.3984,0.94,1362.2743,2.2923
442,AAV,2014,75.4569,47133.3984,0.94,1140.9855,1.1197
443,AEM,2014,30.9606,47133.3984,0.94,8724.1621,1.9006
444,WJA,2014,33.7887,47133.3984,0.94,3751.2705,2.2554
445,RGL,2014,38.0183,47133.3984,0.94,5473.8774,2.1719
446,TFII,2014,34.632,47133.3984,0.94,2759.6489,3.0827
447,CCL.B,2014,57.2419,47133.3984,0.94,3915.9875,3.4486
448,NPI,2014,26.2204,47133.3984,0.94,2657.5054,4.1273
449,PPL,2014,52.907,47133.3984,0.94,16138.1113,3.2591
450,BIR,2014,78.8732,47133.3984,0.94,1864.3168,1.9229
451,G,2014,-1.8328,47133.3984,0.94,24826.7148,1.1898
452,TET,2014,5.2478,47133.3984,0.94,2876.6384,5.3103
453,THI,2014,51.7361,47133.3984,0.94,11606.1699,34.106
454,CIGI,2014,62.4083,47133.3984,0.94,2071.4429,8.464
455,LTS,2014,-13.1397,47133.3984,0.94,1256.9426,0.6415
456,LNR,2014,91.3415,47133.3984,0.94,4066.1453,2.7142
457,CEU,2014,88.066,47133.3984,0.94,2294.925,5.2405
458,TCW,2014,6.077,47133.3984,0.94,2350.458,1.8341
459,DDC,2014,11.7602,47133.3984,0.94,1254.0311,0.867
460,AC,2014,202.1352,47133.3984,0.94,2428.9905,849.0
461,OTEX,2014,68.7293,47133.3984,0.94,7437.0034,4.2657
462,TXG,2014,10.625,47133.3984,0.94,1285.9788,1.8399
463,L,2014,20.5248,47133.3984,0.94,22373.457,1.4717
464,RON,2014,32.9302,47133.3984,0.94,1694.4683,1.1515
465,ELD,2014,0.223,47133.3984,0.94,6439.0747,1.1525
466,MG,2014,52.2727,47133.3984,0.94,26208.2422,2.5867
467,CP,2014,75.8214,47133.3984,0.94,37514.1953,5.2738
468,BNE,2014,27.7454,47133.3984,0.94,2112.575,3.0999
469,MFC,2014,27.099,47133.3984,0.94,40790.6836,1.4864
470,CNR,2014,58.1089,47133.3984,0.94,63895.9844,4.7944
471,OBE,2014,-28.8721,47133.3984,0.94,4169.9702,0.5533
472,ENF,2014,38.951,47133.3984,0.94,1825.7892,9.535
473,TRQ,2014,-33.2117,47133.3984,0.94,7365.0137,0.8445
474,CCA,2014,29.6526,47133.3984,0.94,2093.8416,2.1331
475,RUS,2014,38.6018,47133.3984,0.94,2240.3936,2.6171
476,MEG,2014,13.611,47133.3984,0.94,8663.3164,1.743
477,CNQ,2014,47.4487,47133.3984,0.94,51752.1484,1.9037
478,CFW,2014,24.9086,47133.3984,0.94,1937.1284,2.4349
479,CVE,2014,14.9105,47133.3984,0.94,26251.0469,2.5176
480,JE,2015,22.7554,43042.7188,0.37,1164.0138,793.0
481,NFI,2015,39.4891,43042.7188,0.37,1060.9375,1.7727
482,CXR,2015,180.7724,43042.7188,0.37,3433.7009,4.7074
483,DGC,2015,-2.9218,43042.7188,0.37,2268.6536,0.9095
484,AIM,2015,-33.5652,43042.7188,0.37,1833.4132,6.0693
485,CCL.B,2015,51.7558,43042.7188,0.37,5996.2119,4.3475
486,NG,2015,14.6853,43042.7188,0.37,1563.8792,3.2881
487,SLF,2015,3.438,43042.7188,0.37,25535.3887,1.447
488,CSU,2015,108.6277,43042.7188,0.37,11914.0732,33.3059
489,TCN,2015,47.2868,43042.7188,0.37,1181.358,1.5698
490,SU,2015,-16.5136,43042.7188,0.37,53869.1914,1.2945
491,ECI,2015,1.3025,43042.7188,0.37,1287.1683,2.8414
492,BHC,2015,139.4332,43042.7188,0.37,104059.8438,12.3591
493,RBA,2015,40.6504,43042.7188,0.37,3891.2446,4.1826
494,CG,2015,1.372,43042.7188,0.37,1573.0854,0.8307
495,ATD.B,2015,70.9598,43042.7188,0.37,31632.7988,6.2206
496,WSP,2015,15.6798,43042.7188,0.37,3803.9543,1.6151
497,EFN,2015,33.3806,43042.7188,0.37,4972.312,1.8608
498,DOL,2015,62.2988,43042.7188,0.37,9602.793,13.4157
499,DSG,2015,49.7368,43042.7188,0.37,1718.3915,3.2776
500,ESI,2015,-35.4997,43042.7188,0.37,1610.1924,0.7578
501,BAM.A,2015,19.567,43042.7188,0.37,40607.4219,1.417
502,TIH,2015,28.8709,43042.7188,0.37,2721.9526,3.8465
503,DHX,2015,12.2208,43042.7188,0.37,1077.4141,4.1543
504,EMA,2015,32.5189,43042.7188,0.37,6596.3999,2.2653
505,DOO,2015,2.6435,43042.7188,0.37,1041.7007,70.8735
506,RON,2015,-0.6298,43042.7188,0.37,1534.3468,1.1055
507,CLS,2015,34.4482,43042.7188,0.37,1994.1918,1.6065
508,SJ,2015,49.7989,43042.7188,0.37,3084.9885,3.9037
509,ONEX,2015,26.5203,43042.7188,0.37,8500.4121,56.9863
510,RCH,2015,34.1734,43042.7188,0.37,1294.697,4.0309
511,WPK,2015,35.9524,43042.7188,0.37,2598.05,3.1346
512,NWC,2015,9.9432,43042.7188,0.37,1313.8324,4.2061
513,MRU,2015,47.8506,43042.7188,0.37,8528.5908,3.2102
514,RRX,2015,-23.5455,43042.7188,0.37,1674.7489,2.7729
515,PXT,2015,-35.3528,43042.7188,0.37,1361.4778,1.3582
516,BCB,2015,70.6388,43042.7188,0.37,1520.6064,1.5526
517,UFS,2015,30.1822,43042.7188,0.37,3437.2581,0.9282
518,ERF,2015,-66.3319,43042.7188,0.37,1728.0809,1.0302
519,L,2015,29.5572,43042.7188,0.37,28979.7734,2.2058
520,AGU,2015,32.8633,43042.7188,0.37,19506.7207,2.1873
521,VII,2015,,43042.7188,0.37,3368.4021,1.8713
522,TRQ,2015,7.6503,43042.7188,0.37,7928.4976,0.725
523,PD,2015,-54.2569,43042.7188,0.37,1857.0629,0.7685
524,ENB,2015,0.2582,43042.7188,0.37,46579.4844,4.3007
525,MDZ.A,2015,8.8889,43042.7188,0.37,1296.4821,1982.4426
526,EFX,2015,-39.7045,43042.7188,0.37,999.9749,0.9187
527,GIL,2015,32.4992,43042.7188,0.37,10039.6582,3.7871
528,CVE,2015,-45.0115,43042.7188,0.37,15888.9961,1.4323
529,AC,2015,32.2733,43042.7188,0.37,3225.522,1123.0
530,ENGH,2015,45.8787,43042.7188,0.37,1339.772,6.4461
531,CNQ,2015,-37.4341,43042.7188,0.37,32446.8574,1.1683
532,IAG,2015,-10.4815,43042.7188,0.37,4263.1519,1.157
533,TRI,2015,24.2233,43042.7188,0.37,40003.082,2.2898
534,WN,2015,26.5173,43042.7188,0.37,15089.8936,2.1218
535,DH,2015,31.2423,43042.7188,0.37,4505.6338,2.1089
536,CEE,2015,6.1404,43042.7188,0.37,1394.0508,0.7802
537,BIN,2015,29.2067,43042.7188,0.37,3969.8232,2.6691
538,OTEX,2015,-2.3085,43042.7188,0.37,7297.2827,3.0602
539,POW,2015,-10.1124,43042.7188,0.37,11928.6836,1.1024
540,PAAS,2016,150.4929,46782.5273,0.5,3480.583,2.01
541,SSRM,2016,81.7001,46782.5273,0.5,1831.884,1.7094
542,ECA,2016,27.3652,46782.5273,0.5,10640.5645,1.6685
543,VII,2016,119.7962,46782.5273,0.5,10366.3613,2.7895
544,IMG,2016,120.362,46782.5273,0.5,2194.7327,0.7644
545,FR,2016,248.2379,46782.5273,0.5,2586.5461,3.306
546,AEM,2016,106.3004,46782.5273,0.5,14925.6523,2.6318
547,NVA,2016,26.8893,46782.5273,0.5,1133.8013,1.747
548,BTO,2016,114.2857,46782.5273,0.5,3068.4165,1.7961
549,CEE,2016,112.3967,46782.5273,0.5,2960.9175,1.5767
550,TECK.B,2016,124.8677,46782.5273,0.5,12247.4482,0.7485
551,FM,2016,44.8979,46782.5273,0.5,6851.9512,0.5599
552,NGD,2016,107.9208,46782.5273,0.5,3230.9377,1.1748
553,PXT,2016,71.1136,46782.5273,0.5,2363.5532,2.4483
554,AGI,2016,70.2952,46782.5273,0.5,2458.0605,1.0677
555,FVI,2016,205.9375,46782.5273,0.5,1422.7551,2.9772
556,THO,2016,55.5455,46782.5273,0.5,5320.0874,1.6201
557,OBE,2016,101.9417,46782.5273,0.5,1044.499,0.3858
558,WPM,2016,106.0757,46782.5273,0.5,14632.6846,2.3372
559,MUX,2016,281.356,46782.5273,0.5,1342.9567,2.3399
560,TXG,2016,142.2581,46782.5273,0.5,2378.3992,2.8379
561,DGC,2016,122.7239,46782.5273,0.5,5177.1675,2.1345
562,ARX,2016,15.6724,46782.5273,0.5,8046.5132,2.4277
563,ABX,2016,143.6066,46782.5273,0.5,25975.2363,2.7293
564,OSB,2016,45.7658,46782.5273,0.5,2696.126,3.7969
565,IVN,2016,132.5,46782.5273,0.5,1448.8652,1.024
566,SHOP,2016,48.1885,46782.5273,0.5,4018.0278,8.8826
567,OGC,2016,78.0173,46782.5273,0.5,2514.0063,1.5497
568,EFX,2016,5.6126,46782.5273,0.5,1058.0719,1.0409
569,GUY,2016,103.9604,46782.5273,0.5,1394.105,3.5505
570,ERF,2016,8.9499,46782.5273,0.5,2195.6089,3.1508
571,NFI,2016,121.0884,46782.5273,0.5,2564.3596,3.5175
572,FFH,2016,21.3253,46782.5273,0.5,17097.0371,1.4064
573,WCN,2016,59.1067,46782.5273,0.5,17551.7832,2.4337
574,YRI,2016,114.9798,46782.5273,0.5,5031.3882,0.7886
575,VSN,2016,-4.9301,46782.5273,0.5,4033.1152,1.7281
576,MAG,2016,100.9298,46782.5273,0.5,1563.4144,5.343
577,NPI,2016,44.7016,46782.5273,0.5,4062.0642,6.9419
578,LUC,2016,111.7647,46782.5273,0.5,1374.1718,5.6444
579,TOU,2016,10.7508,46782.5273,0.5,8643.9453,1.5838
580,CPX,2016,2.3949,46782.5273,0.5,2014.0116,0.9376
581,FNV,2016,60.7544,46782.5273,0.5,16288.2041,3.02
582,ITP,2016,47.7996,46782.5273,0.5,1279.2991,4.2862
583,PGF,2016,-2.0725,46782.5273,0.5,1034.6718,0.6374
584,ARE,2016,43.8088,46782.5273,0.5,1052.7744,1.5204
585,PBH,2016,98.8495,46782.5273,0.5,1834.5194,4.8481
586,MTL,2016,-15.0183,46782.5273,0.5,1683.3457,1.7618
587,X,2016,16.9579,46782.5273,0.5,3101.1697,1.0978
588,VET,2016,3.971,46782.5273,0.5,5526.1953,3.477
589,SNC,2016,41.519,46782.5273,0.5,8396.5654,2.2508
590,KL,2016,100.9398,46782.5273,0.5,1254.635,2.3956
591,SMF,2016,70.8589,46782.5273,0.5,1806.3811,2.0085
592,KXS,2016,70.4801,46782.5273,0.5,1533.9197,15.0814
593,MFI,2016,30.5107,46782.5273,0.5,3923.0271,1.8732
594,CNQ,2016,37.3693,46782.5273,0.5,44865.3555,1.7207
595,CAE,2016,29.4118,46782.5273,0.5,5025.5503,2.7145
596,QSR,2016,23.9501,46782.5273,0.5,14629.0791,6.6133
597,WB,2016,67.2029,46782.5273,0.5,1427.7489,3.9631
598,GC,2016,18.3596,46782.5273,0.5,1309.4614,3.9225
599,BB,2016,-0.3006,46782.5273,0.5,5202.0513,1.5434
600,AC,2017,160.4911,50166.8711,0.71,6339.6929,5.296
601,CFP,2017,43.5982,50166.8711,0.71,2904.4365,1.8013
602,SHOP,2017,153.6765,50166.8711,0.71,11790.4854,11.0327
603,KL,2017,52.1983,50166.8711,0.71,3404.9287,2.6678
604,LUN,2017,90.3226,50166.8711,0.71,6862.9287,1.6117
605,TOY,2017,62.1947,50166.8711,0.71,1286.2499,10.5355
606,DOO,2017,70.2913,50166.8711,0.71,1261.2721,31.4728
607,AGI,2017,12.6761,50166.8711,0.71,3126.2847,1.2307
608,DGC,2017,-40.9459,50166.8711,0.71,3053.7471,1.2772
609,WJA,2017,10.0413,50166.8711,0.71,3119.4541,1.4646
610,IMG,2017,70.2259,50166.8711,0.71,3852.4094,1.1075
611,BAD,2017,10.5082,50166.8711,0.71,1072.9609,3.7965
612,PSI,2017,-4.2781,50166.8711,0.71,1518.6162,4.1496
613,GC,2017,55.6218,50166.8711,0.71,2062.1758,4.7879
614,DDC,2017,53.7391,50166.8711,0.71,1448.2396,0.9756
615,CG,2017,14.3293,50166.8711,0.71,2184.624,0.9097
616,TCW,2017,72.8972,50166.8711,0.71,1281.4388,1.1336
617,OSB,2017,36.5079,50166.8711,0.71,3703.6672,3.9159
618,WFT,2017,46.7497,50166.8711,0.71,4916.7061,2.0713
619,VSN,2017,36.1455,50166.8711,0.71,5517.1567,2.5069
620,IVN,2017,143.5484,50166.8711,0.71,3562.3184,2.6061
621,K,2017,8.5878,50166.8711,0.71,7095.394,1.3013
622,G,2017,-14.0281,50166.8711,0.71,14876.4346,0.8418
623,AEM,2017,-3.7009,50166.8711,0.71,14849.1045,2.4397
624,RUS,2017,19.4126,50166.8711,0.71,1607.833,2.0191
625,PSK,2017,14.1634,50166.8711,0.71,6936.5835,2.5336
626,FFH,2017,-12.5488,50166.8711,0.71,18226.2305,1.307
627,PBH,2017,58.486,50166.8711,0.71,2944.6624,6.8492
628,WEF,2017,25.0,50166.8711,0.71,1048.2544,1.9422
629,BB,2017,16.2814,50166.8711,0.71,6148.27,1.7555
630,CCA,2017,47.2813,50166.8711,0.71,3157.4697,2.9899
631,ECA,2017,-6.9489,50166.8711,0.71,11337.1045,1.3254
632,CVE,2017,-48.4433,50166.8711,0.71,12004.374,0.6094
633,BBD.B,2017,16.2791,50166.8711,0.71,5616.4409,198.4127
634,FTT,2017,22.8289,50166.8711,0.71,4802.5425,2.5209
635,QBR.B,2017,19.1473,50166.8711,0.71,5774.6382,10.4222
636,AIF,2017,11.6679,50166.8711,0.71,1204.9128,2.8512
637,LIF,2017,53.9231,50166.8711,0.71,1280.64,2.1764
638,HBM,2017,104.6992,50166.8711,0.71,2583.8833,1.1421
639,MIC,2017,5.1447,50166.8711,0.71,3307.3589,0.8699
640,MAG,2017,-19.383,50166.8711,0.71,1266.8954,5.6985
641,FSV,2017,38.1671,50166.8711,0.71,3011.0457,12.2583
642,TCL.A,2017,26.5625,50166.8711,0.71,1880.543,1.6481
643,NPI,2017,0.7997,50166.8711,0.71,4152.7241,6.0935
644,LNR,2017,28.6585,50166.8711,0.71,4546.2397,1.5622
645,OR,2017,17.8138,50166.8711,0.71,2740.5964,1.3859
646,GEI,2017,-2.349,50166.8711,0.71,2490.7266,2.2815
647,CEU,2017,19.5506,50166.8711,0.71,1413.0671,2.4287
648,TECK.B,2017,46.2588,50166.8711,0.71,17956.8984,0.9718
649,KXS,2017,17.9273,50166.8711,0.71,1861.9641,13.7044
650,WSP,2017,20.0603,50166.8711,0.71,5319.4922,1.8123
651,IFC,2017,8.153,50166.8711,0.71,13482.9385,2.4417
652,POW,2017,10.101,50166.8711,0.71,12664.1094,1.0678
653,RCI.B,2017,16.0791,50166.8711,0.71,33560.5039,5.8164
654,MX,2017,67.5243,50166.8711,0.71,5497.1743,2.7344
655,TCN,2017,12.0207,50166.8711,0.71,1450.0686,1.3486
656,FNV,2017,11.4919,50166.8711,0.71,18946.3887,3.2858
657,DOL,2017,27.0072,50166.8711,0.71,13841.2646,605.9576
658,SLF,2017,15.8772,50166.8711,0.71,29426.627,1.441
659,MFC,2017,37.1157,50166.8711,0.71,48522.2305,1.2385
660,PKI,2018,50.4811,55229.8008,1.52,5392.3091,3.25
661,HSE,2018,47.7071,55229.8008,1.52,21690.5137,1.2185
662,TFII,2018,58.6116,55229.8008,1.52,4228.395,2.8542
663,GOOS,2018,262.9579,55229.8008,1.52,3813.6875,38.2743
664,GEI,2018,10.9966,55229.8008,1.52,2793.2798,3.4044
665,KML,2018,-0.9227,55229.8008,1.52,1787.299,1.9736
666,GTE,2018,76.1719,55229.8008,1.52,1787.5454,1.3868
667,TVE,2018,109.9567,55229.8008,1.52,1105.0428,1.4212
668,TOG,2018,37.451,55229.8008,1.52,1493.8674,0.9962
669,DOO,2018,64.1446,55229.8008,1.52,2326.0664,6812.0005
670,WFT,2018,33.6163,55229.8008,1.52,6176.856,2.1285
671,CNQ,2018,15.8305,55229.8008,1.52,54410.9453,1.6785
672,CFP,2018,37.5857,55229.8008,1.52,3870.3413,1.8863
673,SU,2018,37.286,55229.8008,1.52,87442.9922,1.9444
674,KEL,2018,52.1595,55229.8008,1.52,1684.709,1.9341
675,MX,2018,49.2243,55229.8008,1.52,7568.3809,3.9781
676,NTR,2018,35.0023,55229.8008,1.52,45130.8633,1.4694
677,ATA,2018,75.4164,55229.8008,1.52,2081.105,2.7063
678,RUS,2018,9.6464,55229.8008,1.52,1771.0569,1.9795
679,BTE,2018,23.7342,55229.8008,1.52,2145.9805,0.6808
680,TIH,2018,21.3542,55229.8008,1.52,5304.2988,4.3682
681,MNW,2018,41.4201,55229.8008,1.52,1759.224,3.3582
682,YRI,2018,-1.897,55229.8008,1.52,3435.5205,0.6376
683,OGC,2018,-0.5155,55229.8008,1.52,2383.6685,1.1867
684,RBA,2018,34.0248,55229.8008,1.52,5383.0693,5.3815
685,ENGH,2018,57.1401,55229.8008,1.52,2187.3003,6.8559
686,IFP,2018,27.9772,55229.8008,1.52,1573.0579,1.6096
687,SCL,2018,8.0315,55229.8008,1.52,1922.5479,1.8468
688,CGX,2018,-14.2745,55229.8008,1.52,2084.2891,3.0789
689,KEY,2018,-0.7726,55229.8008,1.52,7472.8188,2.9425
690,PVG,2018,4.7297,55229.8008,1.52,1985.1681,1.7643
691,VET,2018,1.8182,55229.8008,1.52,6315.7832,2.4468
692,DSG,2018,29.9487,55229.8008,1.52,3501.9514,5.2637
693,ECA,2018,48.3262,55229.8008,1.52,16524.0566,1.95
694,BHC,2018,79.5116,55229.8008,1.52,10510.0762,2.3301
695,KL,2018,49.9078,55229.8008,1.52,5151.8237,3.2756
696,MEG,2018,64.471,55229.8008,1.52,2445.5652,0.6197
697,FSV,2018,28.3481,55229.8008,1.52,3866.5066,14.0518
698,ERF,2018,45.5365,55229.8008,1.52,3959.0337,2.3204
699,BAD,2018,0.3112,55229.8008,1.52,1076.3,3.2235
700,CIGI,2018,63.8897,55229.8008,1.52,4030.4082,9.7911
701,OSB,2018,15.4884,55229.8008,1.52,4303.625,3.6446
702,ECI,2018,38.1862,55229.8008,1.52,3107.1428,5.3444
703,BB,2018,20.0519,55229.8008,1.52,7463.3804,2.3713
704,MTY,2018,28.535,55229.8008,1.52,1520.9523,2.5935
705,PSI,2018,18.9944,55229.8008,1.52,1819.0796,5.0627
706,BBD.B,2018,72.4,55229.8008,1.52,10419.2314,331.5385
707,GC,2018,35.7122,55229.8008,1.52,2820.1333,5.15
708,BAM.A,2018,12.8973,55229.8008,1.52,55326.375,1.6888
709,WCP,2018,-10.1336,55229.8008,1.52,3369.1038,1.0425
710,SHOP,2018,37.5797,55229.8008,1.52,17794.7813,9.3487
711,PD,2018,60.8833,55229.8008,1.52,1497.9512,0.8482
712,RNW,2018,-14.8592,55229.8008,1.52,3173.7849,1.3884
713,VII,2018,-19.2004,55229.8008,1.52,5555.5166,1.2358
714,BCB,2018,7.2219,55229.8008,1.52,2836.1016,1.767
715,TCL.A,2018,30.8231,55229.8008,1.52,2792.2144,1.9074
716,CP,2018,41.264,55229.8008,1.52,39135.082,5.9499
717,CNR,2018,14.6611,55229.8008,1.52,85207.3281,4.9033
718,TRQ,2018,-28.0285,55229.8008,1.52,6097.3125,0.5099
719,CCO,2018,8.3067,55229.8008,1.52,5366.9531,1.1095
